filename,S1,S_last,D1,D2,X1,X2
avg_smoothed_lq6_and_std_relative_to_interface.csv,0.22475635803617253,0.7940647883921976,0.2532217795539738,0.7655993668743963,-4.199999999999776,3.8000000000003378
